CatalogID,Release,Type,Product,Domain,Resolution,Deprecated,MinDate,MaxDate,MinYear,MaxYear,TimeSeriesType,TimeSeriesRegularity,DataType,DataUnit,DataScaleFactor,DataOffset,Data.URL,Metadata.URL,ColorRampDefault
R1D001,Release1,Hydro,Large Stream Flowlines (Multi-flow Direction),UER,1m,FALSE,7/16/18,7/16/18,2018,2018,Single,Regular,factor,categorical,1,0,https://rmbl-sdp.s3.us-east-2.amazonaws.com/data_products/released/release1/UER_streams_512k_mfd_1m_v2.tif,https://rmbl-sdp.s3.us-east-2.amazonaws.com/data_products/released/release1/UER_streams_512k_mfd_1m_v2_metadata.xml,categorical
R1D002,Release1,Hydro,Large Stream Flowlines (Single-flow Direction),UER,1m,FALSE,7/16/18,7/16/18,2018,2018,Single,Regular,factor,categorical,1,0,https://rmbl-sdp.s3.us-east-2.amazonaws.com/data_products/released/release1/UER_streams_512k_sfd_1m_v2.tif,https://rmbl-sdp.s3.us-east-2.amazonaws.com/data_products/released/release1/UER_streams_512k_sfd_1m_v2_metadata.xml,categorical
R1D003,Release1,Hydro,Large Watersheds (Multi-flow Direction),UER,1m,FALSE,7/16/18,7/16/18,2018,2018,Single,Regular,factor,categorical,1,0,https://rmbl-sdp.s3.us-east-2.amazonaws.com/data_products/released/release1/UER_basins_512k_mfd_1m_v2.tif,https://rmbl-sdp.s3.us-east-2.amazonaws.com/data_products/released/release1/UER_basins_512k_mfd_1m_v2_metadata.xml,categorical
R1D004,Release1,Hydro,Multi-direction Flow Accumulation,UER,1m,FALSE,7/16/18,7/16/18,2018,2018,Single,Regular,numeric,square meters,1,0,https://rmbl-sdp.s3.us-east-2.amazonaws.com/data_products/released/release1/UER_flow_accum_mfd_1m_v3.tif,https://rmbl-sdp.s3.us-east-2.amazonaws.com/data_products/released/release1/UER_flow_accum_mfd_1m_v3_metadata.xml,continuous
R1D005,Release1,Hydro,Small Watersheds (Single Flow Direction),UER,1m,FALSE,7/16/18,7/16/18,2018,2018,Single,Regular,factor,categorical,1,0,https://rmbl-sdp.s3.us-east-2.amazonaws.com/data_products/released/release1/UER_basins_32k_sfd_1m_v2.tif,https://rmbl-sdp.s3.us-east-2.amazonaws.com/data_products/released/release1/UER_basins_32k_sfd_1m_v2_metadata.xml,categorical
R1D006,Release1,Hydro,Single Direction Flow Accumulation,UER,1m,FALSE,7/16/18,7/16/18,2018,2018,Single,Regular,numeric,square meters,1,0,https://rmbl-sdp.s3.us-east-2.amazonaws.com/data_products/released/release1/UER_flow_accum_sfd_1m_v3.tif,https://rmbl-sdp.s3.us-east-2.amazonaws.com/data_products/released/release1/UER_flow_accum_sfd_1m_v3_metadata.xml,continuous
R1D007,Release1,Hydro,Small Stream Flowlines (Multi-flow Direction),UER,1m,FALSE,7/16/18,7/16/18,2018,2018,Single,Regular,factor,categorical,1,0,https://rmbl-sdp.s3.us-east-2.amazonaws.com/data_products/released/release1/UER_streams_32k_mfd_1m_v2.tif,https://rmbl-sdp.s3.us-east-2.amazonaws.com/data_products/released/release1/UER_streams_32k_mfd_1m_v2_metadata.xml,categorical
R1D008,Release1,Hydro,Small Stream Flowlines (Single Flow Direction),UER,1m,FALSE,7/16/18,7/16/18,2018,2018,Single,Regular,factor,categorical,1,0,https://rmbl-sdp.s3.us-east-2.amazonaws.com/data_products/released/release1/UER_streams_32k_sfd_1m_v2.tif,https://rmbl-sdp.s3.us-east-2.amazonaws.com/data_products/released/release1/UER_streams_32k_sfd_1m_v2_metadata.xml,categorical
R1D009,Release1,Hydro,Small Watersheds (Multi-flow Direction),UER,1m,FALSE,7/16/18,7/16/18,2018,2018,Single,Regular,factor,categorical,1,0,https://rmbl-sdp.s3.us-east-2.amazonaws.com/data_products/released/release1/UER_basins_32k_mfd_1m_v2.tif,https://rmbl-sdp.s3.us-east-2.amazonaws.com/data_products/released/release1/UER_basins_32k_mfd_1m_v2_metadata.xml,categorical
R1D010,Release1,Hydro,Smaller Stream Flowlines (Multi-flow Direction),UER,1m,FALSE,7/16/18,7/16/18,2018,2018,Single,Regular,factor,categorical,1,0,https://rmbl-sdp.s3.us-east-2.amazonaws.com/data_products/released/release1/UER_streams_8k_mfd_1m_v2.tif,https://rmbl-sdp.s3.us-east-2.amazonaws.com/data_products/released/release1/UER_streams_8k_mfd_1m_v2_metadata.xml,categorical
R1D011,Release1,Hydro,Surface Water Cover,UER,1m,FALSE,7/16/18,7/16/18,2018,2018,Single,Regular,factor,categorical,1,0,https://rmbl-sdp.s3.us-east-2.amazonaws.com/data_products/released/release1/UER_surface_water_1m_v3.tif,https://rmbl-sdp.s3.us-east-2.amazonaws.com/data_products/released/release1/UER_surface_water_1m_v3_metadata.xml,categorical
R1D012,Release1,Hydro,Vertical Distance to Streams,UER,1m,FALSE,7/16/18,7/16/18,2018,2018,Single,Regular,numeric,meters,1,0,https://rmbl-sdp.s3.us-east-2.amazonaws.com/data_products/released/release1/UER_stream_vert_dist_8k_mfd_1m_v1.tif,https://rmbl-sdp.s3.us-east-2.amazonaws.com/data_products/released/release1/UER_stream_vert_dist_8k_mfd_1m_v1_metadata.xml,continuous
R1D013,Release1,Hydro,Watersheds (Single Flow Direction),UER,1m,FALSE,7/16/18,7/16/18,2018,2018,Single,Regular,factor,categorical,1,0,https://rmbl-sdp.s3.us-east-2.amazonaws.com/data_products/released/release1/UER_basins_512k_sfd_1m_v2.tif,https://rmbl-sdp.s3.us-east-2.amazonaws.com/data_products/released/release1/UER_basins_512k_sfd_1m_v2_metadata.xml,categorical
R1D014,Release1,Mask,3m Data Mask,UER,1m,FALSE,7/16/18,7/16/18,2018,2018,Single,Regular,factor,categorical,1,0,https://rmbl-sdp.s3.us-east-2.amazonaws.com/data_products/released/release1/UER_mask_3m_v1.tif,https://rmbl-sdp.s3.us-east-2.amazonaws.com/data_products/released/release1/UER_mask_3m_v1_metadata.xml,categorical
R1D015,Release1,Mask,1m Data Mask,UER,1m,FALSE,7/16/18,7/16/18,2018,2018,Single,Regular,factor,categorical,1,0,https://rmbl-sdp.s3.us-east-2.amazonaws.com/data_products/released/release1/UER_mask_1m_v1.tif,https://rmbl-sdp.s3.us-east-2.amazonaws.com/data_products/released/release1/UER_mask_1m_v1_metadata.xml,categorical
R1D016,Release1,Mask,27m Data Mask,UER,1m,FALSE,7/16/18,7/16/18,2018,2018,Single,Regular,factor,categorical,1,0,https://rmbl-sdp.s3.us-east-2.amazonaws.com/data_products/released/release1/UER_mask_27m_v1.tif,https://rmbl-sdp.s3.us-east-2.amazonaws.com/data_products/released/release1/UER_mask_27m_v1_metadata.xml,categorical
R1D017,Release1,Mask,81m Data Mask,UER,1m,FALSE,7/16/18,7/16/18,2018,2018,Single,Regular,factor,categorical,1,0,https://rmbl-sdp.s3.us-east-2.amazonaws.com/data_products/released/release1/UER_mask_81m_v1.tif,https://rmbl-sdp.s3.us-east-2.amazonaws.com/data_products/released/release1/UER_mask_81m_v1_metadata.xml,categorical
R1D018,Release1,Mask,9m Data Mask,UER,1m,FALSE,7/16/18,7/16/18,2018,2018,Single,Regular,factor,categorical,1,0,https://rmbl-sdp.s3.us-east-2.amazonaws.com/data_products/released/release1/UER_mask_9m_v1.tif,https://rmbl-sdp.s3.us-east-2.amazonaws.com/data_products/released/release1/UER_mask_9m_v1_metadata.xml,categorical
R1D019,Release1,Topo,Boundary Filled DEM,UER,1m,FALSE,7/16/18,7/16/18,2018,2018,Single,Regular,numeric,meters,1,0,https://rmbl-sdp.s3.us-east-2.amazonaws.com/data_products/released/release1/UER_dem_filled_1m_v2.tif,https://rmbl-sdp.s3.us-east-2.amazonaws.com/data_products/released/release1/UER_dem_filled_1m_v2_metadata.xml,continuous
R1D020,Release1,Topo,DEM with Buildings,UER,1m,FALSE,7/16/18,7/16/18,2018,2018,Single,Regular,numeric,meters,1,0,https://rmbl-sdp.s3.us-east-2.amazonaws.com/data_products/released/release1/UER_dsm_buildings_1m_v2.tif,https://rmbl-sdp.s3.us-east-2.amazonaws.com/data_products/released/release1/UER_dsm_buildings_1m_v2_metadata.xml,continuous
R1D021,Release1,Topo,Digital Elevation Model,UER,1m,FALSE,7/16/18,7/16/18,2018,2018,Single,Regular,numeric,meters,1,0,https://rmbl-sdp.s3.us-east-2.amazonaws.com/data_products/released/release1/UER_dem_1m_v2.tif,https://rmbl-sdp.s3.us-east-2.amazonaws.com/data_products/released/release1/UER_dem_1m_v2_metadata.xml,continuous
R1D022,Release1,Topo,Hydro-corrected DEM (Cut and Burned),UER,1m,FALSE,7/16/18,7/16/18,2018,2018,Single,Regular,numeric,meters,1,0,https://rmbl-sdp.s3.us-east-2.amazonaws.com/data_products/released/release1/UER_dem_hydro_cutburn_1m_v3.tif,https://rmbl-sdp.s3.us-east-2.amazonaws.com/data_products/released/release1/UER_dem_hydro_cutburn_1m_v3_metadata.xml,continuous
R1D023,Release1,Topo,Hydro-corrected DEM (Cut),UER,1m,FALSE,7/16/18,7/16/18,2018,2018,Single,Regular,numeric,meters,1,0,https://rmbl-sdp.s3.us-east-2.amazonaws.com/data_products/released/release1/UER_dem_hydro_cut_1m_v3.tif,https://rmbl-sdp.s3.us-east-2.amazonaws.com/data_products/released/release1/UER_dem_hydro_cut_1m_v3_metadata.xml,continuous
R1D024,Release1,Topo,Leaf-off Digital Surface Model,UER,1m,FALSE,7/16/18,7/16/18,2018,2018,Single,Regular,numeric,meters,1,0,https://rmbl-sdp.s3.us-east-2.amazonaws.com/data_products/released/release1/UER_dsm_leafoff_1m_v4.tif,https://rmbl-sdp.s3.us-east-2.amazonaws.com/data_products/released/release1/UER_dsm_leafoff_1m_v4_metadata.xml,continuous
R1D025,Release1,Vegetation,Basic Landcover,UER,1m,FALSE,7/16/18,7/16/18,2018,2018,Single,Regular,factor,categorical,1,0,https://rmbl-sdp.s3.us-east-2.amazonaws.com/data_products/released/release1/UER_landcover_1m_v4.tif,https://rmbl-sdp.s3.us-east-2.amazonaws.com/data_products/released/release1/UER_landcover_1m_v4_metadata.xml,categorical
R1D026,Release1,Vegetation,Leaf-on Digital Surface Model,UER,1m,FALSE,7/16/18,7/16/18,2018,2018,Single,Regular,numeric,meters,1,0,https://rmbl-sdp.s3.us-east-2.amazonaws.com/data_products/released/release1/UER_dsm_1m_v2.tif,https://rmbl-sdp.s3.us-east-2.amazonaws.com/data_products/released/release1/UER_dsm_1m_v2_metadata.xml,continuous
R1D027,Release1,Vegetation,Vegetation Canopy Height,UER,1m,FALSE,7/16/18,7/16/18,2018,2018,Single,Regular,numeric,meters,1,0,https://rmbl-sdp.s3.us-east-2.amazonaws.com/data_products/released/release1/UER_canopy_ht_1m_v2.tif,https://rmbl-sdp.s3.us-east-2.amazonaws.com/data_products/released/release1/UER_canopy_ht_1m_v2_metadata.xml,continuous
R2D001,Release2,Planning,Summer Travel Time,UER,1m,FALSE,7/16/18,7/16/18,2018,2018,Single,Regular,numeric,minutes,1,0,https://rmbl-sdp.s3.us-east-2.amazonaws.com/data_products/released/release2/UER_access_minutes_summer_1m_v3.tif,https://rmbl-sdp.s3.us-east-2.amazonaws.com/data_products/released/release2/UER_access_minutes_summer_1m_v3_metadata.xml,continuous
R2D002,Release2,Planning,Winter Travel Time,UER,1m,FALSE,1/1/19,1/1/19,2019,2019,Single,Regular,numeric,minutes,1,0,https://rmbl-sdp.s3.us-east-2.amazonaws.com/data_products/released/release2/UER_access_minutes_winter_1m_v1.tif,https://rmbl-sdp.s3.us-east-2.amazonaws.com/data_products/released/release2/UER_access_minutes_winter_1m_v1_metadata.xml,continuous
R2D003,Release2,Radiation,Spring Bare-earth Solar Radiation,UER,3m,FALSE,4/20/18,4/20/18,2018,2018,Single,Regular,numeric,watt-hours  per meter squared,1,0,https://rmbl-sdp.s3.us-east-2.amazonaws.com/data_products/released/release2/UER_srad_bareearth_day080_3m_v1.tif,https://rmbl-sdp.s3.us-east-2.amazonaws.com/data_products/released/release2/UER_srad_bareearth_day080_3m_v1_metadata.xml,continuous
R2D004,Release2,Radiation,Summer Bare-earth Solar Radiation,UER,3m,FALSE,6/21/18,6/21/18,2018,2018,Single,Regular,numeric,watt-hours  per meter squared,1,0,https://rmbl-sdp.s3.us-east-2.amazonaws.com/data_products/released/release2/UER_srad_bareearth_day172_3m_v1.tif,https://rmbl-sdp.s3.us-east-2.amazonaws.com/data_products/released/release2/UER_srad_bareearth_day172_3m_v1_metadata.xml,continuous
R2D005,Release2,Radiation,Fall Bare-earth Solar Radiation,UER,3m,FALSE,9/23/18,9/23/18,2018,2018,Single,Regular,numeric,watt-hours  per meter squared,1,0,https://rmbl-sdp.s3.us-east-2.amazonaws.com/data_products/released/release2/UER_srad_bareearth_day265_3m_v1.tif,https://rmbl-sdp.s3.us-east-2.amazonaws.com/data_products/released/release2/UER_srad_bareearth_day265_3m_v1_metadata.xml,continuous
R2D006,Release2,Radiation,Winter Bare-earth Solar Radiation,UER,3m,FALSE,12/21/18,12/21/18,2018,2018,Single,Regular,numeric,watt-hours  per meter squared,1,0,https://rmbl-sdp.s3.us-east-2.amazonaws.com/data_products/released/release2/UER_srad_bareearth_day355_3m_v1.tif,https://rmbl-sdp.s3.us-east-2.amazonaws.com/data_products/released/release2/UER_srad_bareearth_day355_3m_v1_metadata.xml,continuous
R2D007,Release2,Radiation,Spring Subcanopy Solar Radiation,UER,3m,FALSE,4/20/18,4/20/18,2018,2018,Single,Regular,numeric,watt-hours  per meter squared,1,0,https://rmbl-sdp.s3.us-east-2.amazonaws.com/data_products/released/release2/UER_srad_subcanopy_day080_3m_v1.tif,https://rmbl-sdp.s3.us-east-2.amazonaws.com/data_products/released/release2/UER_srad_subcanopy_day080_3m_v1_metadata.xml,continuous
R2D008,Release2,Radiation,Summer Subcanopy Solar Radiation,UER,3m,FALSE,6/21/18,6/21/18,2018,2018,Single,Regular,numeric,watt-hours  per meter squared,1,0,https://rmbl-sdp.s3.us-east-2.amazonaws.com/data_products/released/release2/UER_srad_subcanopy_day172_3m_v1.tif,https://rmbl-sdp.s3.us-east-2.amazonaws.com/data_products/released/release2/UER_srad_subcanopy_day172_3m_v1_metadata.xml,continuous
R2D009,Release2,Radiation,Fall Subcanopy Solar Radiation,UER,3m,FALSE,9/23/18,9/23/18,2018,2018,Single,Regular,numeric,watt-hours  per meter squared,1,0,https://rmbl-sdp.s3.us-east-2.amazonaws.com/data_products/released/release2/UER_srad_subcanopy_day265_3m_v1.tif,https://rmbl-sdp.s3.us-east-2.amazonaws.com/data_products/released/release2/UER_srad_subcanopy_day265_3m_v1_metadata.xml,continuous
R2D010,Release2,Radiation,Winter Subcanopy Solar Radiation,UER,3m,FALSE,12/21/18,12/21/18,2018,2018,Single,Regular,numeric,watt-hours  per meter squared,1,0,https://rmbl-sdp.s3.us-east-2.amazonaws.com/data_products/released/release2/UER_srad_subcanopy_day355_3m_v1.tif,https://rmbl-sdp.s3.us-east-2.amazonaws.com/data_products/released/release2/UER_srad_subcanopy_day355_3m_v1_metadata.xml,continuous
R2D011,Release2,Snow,Snow Depth 2018,UER,3m,FALSE,3/18/18,3/18/18,2018,2018,Single,Regular,numeric,meters,1,0,https://rmbl-sdp.s3.us-east-2.amazonaws.com/data_products/released/release2/UER_snow_depth_20180331_3m_v1.tif,https://rmbl-sdp.s3.us-east-2.amazonaws.com/data_products/released/release2/UER_snow_depth_20180331_3m_v1_metadata.xml,continuous
R2D012,Release2,Snow,Snow Depth 2019,UER,3m,FALSE,4/8/19,4/8/19,2019,2019,Single,Regular,numeric,meters,1,0,https://rmbl-sdp.s3.us-east-2.amazonaws.com/data_products/released/release2/UER_snow_depth_20190407_3m_v1.tif,https://rmbl-sdp.s3.us-east-2.amazonaws.com/data_products/released/release2/UER_snow_depth_20190407_3m_v1_metadata.xml,continuous
R2D013,Release2,Vegetation,High-res Canopy Height,UER,0.333m,FALSE,9/12/19,9/12/19,2019,2019,Single,Regular,numeric,meters,1,0,https://rmbl-sdp.s3.us-east-2.amazonaws.com/data_products/released/release2/UER_canopy_ht_33cm_v2.tif,https://rmbl-sdp.s3.us-east-2.amazonaws.com/data_products/released/release2/UER_canopy_ht_33cm_v2_metadata.xml,continuous
R2D014,Release2,Vegetation,Lidar Vegetation Metrics,UER,3m,FALSE,9/12/19,9/12/19,2019,2019,Single,Regular,numeric,multiple,1,0,https://rmbl-sdp.s3.us-east-2.amazonaws.com/data_products/released/release2/UER_lidar_metrics_3m_v1.tif,https://rmbl-sdp.s3.us-east-2.amazonaws.com/data_products/released/release2/UER_lidar_metrics_3m_v1_metadata.xml,rgb
R3D001,Release3,Hydro,Multiscale Topographic Wetness,UG,1m,FALSE,9/12/19,9/12/19,2019,2019,Single,Regular,numeric,unitless,1,0,https://rmbl-sdp.s3.us-east-2.amazonaws.com/data_products/released/release3/UG_wet_index_multiscale_1m_v1.tif,https://rmbl-sdp.s3.us-east-2.amazonaws.com/data_products/released/release3/UG_wet_index_multiscale_1m_v1_metadata.xml,continuous
R3D002,Release3,Imagery,October 2017 NAIP RGBN Orthomosaic,UG,1m,FALSE,10/17/17,10/17/17,2017,2017,Single,Regular,numeric,unitless,1,0,https://rmbl-sdp.s3.us-east-2.amazonaws.com/data_products/released/release3/UG_rgbn_oct2017_1m_v1.tif,https://rmbl-sdp.s3.us-east-2.amazonaws.com/data_products/released/release3/UG_rgbn_oct2017_1m_v1_metadata.xml,continuous
R3D003,Release3,Imagery,Septober 2019 NAIP RGBN Orthomosaic,UG,1m,FALSE,9/7/19,9/7/19,2019,2019,Single,Regular,numeric,unitless,1,0,https://rmbl-sdp.s3.us-east-2.amazonaws.com/data_products/released/release3/UG_rgbn_sept2019_1m_v1.tif,https://rmbl-sdp.s3.us-east-2.amazonaws.com/data_products/released/release3/UG_rgbn_sept2019_1m_v1_metadata.xml,continuous
R3D004,Release3,Supplemental,UTM X Coordinate,UG,1m,FALSE,9/7/19,9/7/19,2019,2019,Single,Regular,numeric,meters,1,0,https://rmbl-sdp.s3.us-east-2.amazonaws.com/data_products/released/release3/UG_coordinate_UTMX_1m_v1.tif,https://rmbl-sdp.s3.us-east-2.amazonaws.com/data_products/released/release3/UG_coordinate_UTMX_1m_v1_metadata.xml,continuous
R3D005,Release3,Supplemental,UTM Y Coordinate,UG,1m,FALSE,9/7/19,9/7/19,2019,2019,Single,Regular,numeric,meters,1,0,https://rmbl-sdp.s3.us-east-2.amazonaws.com/data_products/released/release3/UG_coordinate_UTMY_1m_v1.tif,https://rmbl-sdp.s3.us-east-2.amazonaws.com/data_products/released/release3/UG_coordinate_UTMY_1m_v1_metadata.xml,continuous
R3D006,Release3,Supplemental,1m Data Mask,UG,1m,FALSE,9/7/19,9/7/19,2019,2019,Single,Regular,factor,categorical,1,0,https://rmbl-sdp.s3.us-east-2.amazonaws.com/data_products/released/release3/UG_mask_1m_v1.tif,https://rmbl-sdp.s3.us-east-2.amazonaws.com/data_products/released/release3/UG_mask_1m_v1_metadata.xml,categorical
R3D007,Release3,Supplemental,3m Data Mask,UG,3m,FALSE,9/7/19,9/7/19,2019,2019,Single,Regular,factor,categorical,1,0,https://rmbl-sdp.s3.us-east-2.amazonaws.com/data_products/released/release3/UG_mask_3m_v1.tif,https://rmbl-sdp.s3.us-east-2.amazonaws.com/data_products/released/release3/UG_mask_3m_v1_metadata.xml,categorical
R3D008,Release3,Topo,Bare-earth Digital Elevation Model,UG,1m,FALSE,9/7/19,9/7/19,2019,2019,Single,Regular,numeric,meters,1,0,https://rmbl-sdp.s3.us-east-2.amazonaws.com/data_products/released/release3/UG_dem_1m_v1.tif,https://rmbl-sdp.s3.us-east-2.amazonaws.com/data_products/released/release3/UG_dem_1m_v1_metadata.xml,continuous
R3D009,Release3,Topo,Bare-earth Digital Elevation Model,UG,3m,FALSE,9/7/19,9/7/19,2019,2019,Single,Regular,numeric,meters,1,0,https://rmbl-sdp.s3.us-east-2.amazonaws.com/data_products/released/release3/UG_dem_3m_v1.tif,https://rmbl-sdp.s3.us-east-2.amazonaws.com/data_products/released/release3/UG_dem_3m_v1_metadata.xml,continuous
R3D010,Release3,Topo,Topographic Aspect Southness Component,UG,1m,FALSE,9/7/19,9/7/19,2019,2019,Single,Regular,numeric,cos(radians),1,0,https://rmbl-sdp.s3.us-east-2.amazonaws.com/data_products/released/release3/UG_dem_aspect_southness_1m_v1.tif,https://rmbl-sdp.s3.us-east-2.amazonaws.com/data_products/released/release3/UG_dem_aspect_southness_1m_v1_metadata.xml,continuous
R3D011,Release3,Topo,Topographic Aspect Westness Component,UG,1m,FALSE,9/7/19,9/7/19,2019,2019,Single,Regular,numeric,cos(radians),1,0,https://rmbl-sdp.s3.us-east-2.amazonaws.com/data_products/released/release3/UG_dem_aspect_westness_1m_v1.tif,https://rmbl-sdp.s3.us-east-2.amazonaws.com/data_products/released/release3/UG_dem_aspect_westness_1m_v1_metadata.xml,continuous
R3D012,Release3,Topo,Topographic Slope Angle,UG,1m,FALSE,9/7/19,9/7/19,2019,2019,Single,Regular,numeric,degrees,1,0,https://rmbl-sdp.s3.us-east-2.amazonaws.com/data_products/released/release3/UG_dem_slope_1m_v1.tif,https://rmbl-sdp.s3.us-east-2.amazonaws.com/data_products/released/release3/UG_dem_slope_1m_v1_metadata.xml,continuous
R3D013,Release3,Vegetation,Understory Cover,UG,3m,FALSE,9/7/19,9/7/19,2019,2019,Single,Regular,numeric,proportion,1,0,https://rmbl-sdp.s3.us-east-2.amazonaws.com/data_products/released/release3/UG_canopy_2mcover_3m_v2.tif,https://rmbl-sdp.s3.us-east-2.amazonaws.com/data_products/released/release3/UG_canopy_2mcover_3m_v2_metadata.xml,continuous
R3D014,Release3,Vegetation,Vegetation Canopy Cover,UG,3m,FALSE,9/7/19,9/7/19,2019,2019,Single,Regular,numeric,proportion,1,0,https://rmbl-sdp.s3.us-east-2.amazonaws.com/data_products/released/release3/UG_canopy_cover_3m_v3.tif,https://rmbl-sdp.s3.us-east-2.amazonaws.com/data_products/released/release3/UG_canopy_cover_3m_v3_metadata.xml,continuous
R3D015,Release3,Vegetation,Vegetation Canopy Height,UG,1m,FALSE,9/7/19,9/7/19,2019,2019,Single,Regular,numeric,meters,1,0,https://rmbl-sdp.s3.us-east-2.amazonaws.com/data_products/released/release3/UG_canopy_height_1m_v2.tif,https://rmbl-sdp.s3.us-east-2.amazonaws.com/data_products/released/release3/UG_canopy_height_1m_v2_metadata.xml,continuous
R3D016,Release3,Vegetation,20th Percentile Canopy Height,UG,3m,FALSE,9/7/19,9/7/19,2019,2019,Single,Regular,numeric,meters,1,0,https://rmbl-sdp.s3.us-east-2.amazonaws.com/data_products/released/release3/UG_canopy_ht20_3m_v2.tif,https://rmbl-sdp.s3.us-east-2.amazonaws.com/data_products/released/release3/UG_canopy_ht20_3m_v2_metadata.xml,continuous
R3D017,Release3,Vegetation,80th Percentile Canopy Height,UG,3m,FALSE,9/7/19,9/7/19,2019,2019,Single,Regular,numeric,meters,1,0,https://rmbl-sdp.s3.us-east-2.amazonaws.com/data_products/released/release3/UG_canopy_ht80_3m_v4.tif,https://rmbl-sdp.s3.us-east-2.amazonaws.com/data_products/released/release3/UG_canopy_ht80_3m_v4_metadata.xml,continuous
R3D018,Release3,Vegetation,Basic Landcover,UG,1m,FALSE,9/7/19,9/7/19,2019,2019,Single,Regular,factor,categorical,1,0,https://rmbl-sdp.s3.us-east-2.amazonaws.com/data_products/released/release3/UG_landcover_1m_v4.tif,https://rmbl-sdp.s3.us-east-2.amazonaws.com/data_products/released/release3/UG_landcover_1m_v4_metadata.xml,categorical
R3D019,Release3,Vegetation,October 2017 NAIP NDVI,UG,1m,FALSE,9/7/19,9/7/19,2019,2019,Single,Regular,numeric,unitless,1,0,https://rmbl-sdp.s3.us-east-2.amazonaws.com/data_products/released/release3/UG_ndvi_oct2017_1m_v1.tif,https://rmbl-sdp.s3.us-east-2.amazonaws.com/data_products/released/release3/UG_ndvi_oct2017_1m_v1_metadata.xml,continuous
R3D020,Release3,Vegetation,Septober 2019 NAIP NDVI,UG,1m,FALSE,9/7/19,9/7/19,2019,2019,Single,Regular,numeric,unitless,1,0,https://rmbl-sdp.s3.us-east-2.amazonaws.com/data_products/released/release3/UG_ndvi_sept2019_1m_v2.tif,https://rmbl-sdp.s3.us-east-2.amazonaws.com/data_products/released/release3/UG_ndvi_sept2019_1m_v2_metadata.xml,continuous
BM001,Basemaps,Hydro,"Gothic Townsite Drone Ortho, May 25th 2019",GT,5cm,FALSE,9/7/19,9/7/19,2019,2019,Single,Regular,numeric,unitless,1,0,https://rmbl-sdp.s3.us-east-2.amazonaws.com/data_products/basemaps/GT_ortho_basemap_20190525_v1.tif,https://rmbl-sdp.s3.us-east-2.amazonaws.com/data_products/basemaps/GT_ortho_basemap_20190525_v1_metadata.xml,rgb
BM002,Basemaps,Hydro,Hydrology Basemap,UG,2m,FALSE,9/7/19,9/7/19,2019,2019,Single,Regular,numeric,unitless,1,0,https://rmbl-sdp.s3.us-east-2.amazonaws.com/data_products/basemaps/UG_hydro_basemap_v2.tif,https://rmbl-sdp.s3.us-east-2.amazonaws.com/data_products/basemaps/UG_hydro_basemap_v2_metadata.xml,rgb
BM003,Basemaps,Imagery,"Gothic Townsite Drone Ortho, June 17th 2019",GT,5cm,FALSE,6/17/19,6/17/19,2019,2019,Single,Regular,numeric,unitless,1,0,https://rmbl-sdp.s3.us-east-2.amazonaws.com/data_products/basemaps/GT_ortho_basemap_20190617_v1.tif,https://rmbl-sdp.s3.us-east-2.amazonaws.com/data_products/basemaps/GT_ortho_basemap_20190617_v1_metadata.xml,rgb
BM004,Basemaps,Imagery,"Gothic Townsite Drone Ortho, July 22nd 2019",GT,5cm,FALSE,7/22/19,7/22/19,2019,2019,Single,Regular,numeric,unitless,1,0,https://rmbl-sdp.s3.us-east-2.amazonaws.com/data_products/basemaps/GT_ortho_basemap_20190722_v1.tif,https://rmbl-sdp.s3.us-east-2.amazonaws.com/data_products/basemaps/GT_ortho_basemap_20190722_v1_metadata.xml,rgb
BM005,Basemaps,Imagery,"Gothic Townsite Drone Ortho, August 27th 2019",GT,5cm,FALSE,8/27/19,8/27/19,2019,2019,Single,Regular,numeric,unitless,1,0,https://rmbl-sdp.s3.us-east-2.amazonaws.com/data_products/basemaps/GT_ortho_basemap_20190827_v1.tif,https://rmbl-sdp.s3.us-east-2.amazonaws.com/data_products/basemaps/GT_ortho_basemap_20190827_v1_metadata.xml,rgb
BM006,Basemaps,Imagery,"Gothic Townsite Drone Ortho, September 25th 2019",GT,5cm,FALSE,9/25/19,9/25/19,2019,2019,Single,Regular,numeric,unitless,1,0,https://rmbl-sdp.s3.us-east-2.amazonaws.com/data_products/basemaps/GT_ortho_basemap_20190925_v1.tif,https://rmbl-sdp.s3.us-east-2.amazonaws.com/data_products/basemaps/GT_ortho_basemap_20190925_v1_metadata.xml,rgb
BM007,Basemaps,Imagery,"Gothic Townsite Drone Ortho, November 15th 2019",GT,5cm,FALSE,11/15/19,11/15/19,2019,2019,Single,Regular,numeric,unitless,1,0,https://rmbl-sdp.s3.us-east-2.amazonaws.com/data_products/basemaps/GT_ortho_basemap_20191115_v1.tif,https://rmbl-sdp.s3.us-east-2.amazonaws.com/data_products/basemaps/GT_ortho_basemap_20191115_v1_metadata.xml,rgb
BM008,Basemaps,Snow,2018 Snow Depth Basemap,UER,2m,FALSE,3/18/18,3/18/18,2018,2019,Single,Regular,numeric,unitless,1,0,https://rmbl-sdp.s3.us-east-2.amazonaws.com/data_products/basemaps/UER_snowdepth_basemap_2018_v3.tif,https://rmbl-sdp.s3.us-east-2.amazonaws.com/data_products/basemaps/UER_snowdepth_basemap_2018_v3_metadata.xml,rgb
BM009,Basemaps,Snow,2019 Snow Depth Basemap,UER,2m,FALSE,4/8/19,4/8/19,2019,2019,Single,Regular,numeric,unitless,1,0,https://rmbl-sdp.s3.us-east-2.amazonaws.com/data_products/basemaps/UER_snowdepth_basemap_2019_v3.tif,https://rmbl-sdp.s3.us-east-2.amazonaws.com/data_products/basemaps/UER_snowdepth_basemap_2019_v3_metadata.xml,rgb
BM010,Basemaps,Topo,Topographic Aspect Basemap,UG,2m,FALSE,9/7/19,9/7/19,2019,2019,Single,Regular,numeric,unitless,1,0,https://rmbl-sdp.s3.us-east-2.amazonaws.com/data_products/basemaps/UG_aspect_basemap_v1.tif,https://rmbl-sdp.s3.us-east-2.amazonaws.com/data_products/basemaps/UG_aspect_basemap_v1_metadata.xml,rgb
BM011,Basemaps,Topo,Topography Hillshade Basemap,UG,2m,FALSE,9/7/19,9/7/19,2019,2019,Single,Regular,numeric,unitless,1,0,https://rmbl-sdp.s3.us-east-2.amazonaws.com/data_products/basemaps/UG_hillshade_basemap_v3.tif,https://rmbl-sdp.s3.us-east-2.amazonaws.com/data_products/basemaps/UG_hillshade_basemap_v3_metadata.xml,rgb
BM012,Basemaps,Vegetation,Canopy Structure Basemap,UG,2m,FALSE,9/7/19,9/7/19,2019,2019,Single,Regular,numeric,unitless,1,0,https://rmbl-sdp.s3.us-east-2.amazonaws.com/data_products/basemaps/UG_canopy_basemap_v3.tif,https://rmbl-sdp.s3.us-east-2.amazonaws.com/data_products/basemaps/UG_canopy_basemap_v3_metadata.xml,rgb
BM013,Basemaps,Vegetation,Landcover Basemap,UG,2m,FALSE,9/7/19,9/7/19,2019,2019,Single,Regular,numeric,unitless,1,0,https://rmbl-sdp.s3.us-east-2.amazonaws.com/data_products/basemaps/UG_landcover_basemap_v3.tif,https://rmbl-sdp.s3.us-east-2.amazonaws.com/data_products/basemaps/UG_landcover_basemap_v3_metadata.xml,rgb
R4D001,Release4,Snow,Snowpack Persistence Day of Year Yearly Timeseries,UG,27m,FALSE,1/1/93,9/30/22,1993,2022,Yearly,Regular,numeric,day of year,1,0,https://rmbl-sdp.s3.us-east-2.amazonaws.com/data_products/released/release4/UG_snow_persistence_yearly_27m_v1/UG_snow_persistence_year_{year}_27m_v1.tif,https://rmbl-sdp.s3.us-east-2.amazonaws.com/data_products/released/release4/UG_snow_persistence_yearly_27m_v1_metadata.xml,continuous
R4D002,Release4,Snow,Snowpack Onset Day of Year Yearly Timeseries,UG,27m,FALSE,10/1/92,9/30/22,1993,2022,Yearly,Regular,numeric,day of year,1,0,https://rmbl-sdp.s3.us-east-2.amazonaws.com/data_products/released/release4/UG_snow_onset_yearly_27m_v1/UG_snow_onset_year_{year}_27m_v1.tif,https://rmbl-sdp.s3.us-east-2.amazonaws.com/data_products/released/release4/UG_snow_onset_yearly_27m_v1_metadata.xml,continuous
R4D003,Release4,Snow,Snowpack Duration Yearly Timeseries,UG,27m,FALSE,10/1/92,9/30/22,1993,2022,Yearly,Regular,numeric,days,1,0,https://rmbl-sdp.s3.us-east-2.amazonaws.com/data_products/released/release4/UG_snow_length_yearly_27m_v1/UG_snow_length_year_{year}_27m_v1.tif,https://rmbl-sdp.s3.us-east-2.amazonaws.com/data_products/released/release4/UG_snow_length_yearly_27m_v1_metadata.xml,continuous
R4D004,Release4,Climate,Maximum 2m Air Temperature Daily Timeseries,UG,81m,FALSE,11/1/01,10/30/22,2001,2022,Daily,Regular,numeric,degrees celcius,10000,0,https://rmbl-sdp.s3.us-east-2.amazonaws.com/data_products/released/release4/UG_airtemp_2m_tmax_daily_81m_v1/bayes_tmax_year_{year}_day_0{day}_est.tif,https://rmbl-sdp.s3.us-east-2.amazonaws.com/data_products/released/release4/UG_airtemp_2m_tmax_daily_81m_v1_metadata.xml,continuous
R4D005,Release4,Climate,Minimum 2m Air Temperature Daily Timeseries,UG,81m,FALSE,11/1/01,10/30/22,2001,2022,Daily,Regular,numeric,degrees celcius,10000,0,https://rmbl-sdp.s3.us-east-2.amazonaws.com/data_products/released/release4/UG_airtemp_2m_tmin_daily_81m_v1/bayes_tmin_year_{year}_day_0{day}_est.tif,https://rmbl-sdp.s3.us-east-2.amazonaws.com/data_products/released/release4/UG_airtemp_2m_tmin_daily_81m_v1_metadata.xml,continuous
R4D006,Release4,Climate,Average 2m Air Temperature Monthly Timeseries,UG,81m,FALSE,11/1/01,10/30/22,2001,2022,Monthly,Regular,numeric,degrees celcius,10000,0,https://rmbl-sdp.s3.us-east-2.amazonaws.com/data_products/released/release4/UG_airtemp_2m_tavg_monthly_81m_v1/UG_airtemp_tavg_mean_year_{year}_month_{month}_81m_v1.tif,https://rmbl-sdp.s3.us-east-2.amazonaws.com/data_products/released/release4/UG_airtemp_2m_tavg_monthly_81m_v1_metadata.xml,continuous
R4D007,Release4,Climate,Maximum 2m Air Temperature Monthly Timeseries,UG,81m,FALSE,11/1/01,10/30/22,2001,2022,Monthly,Regular,numeric,degrees celcius,10000,0,https://rmbl-sdp.s3.us-east-2.amazonaws.com/data_products/released/release4/UG_airtemp_2m_tmax_monthly_81m_v1/UG_airtemp_tmax_mean_year_{year}_month_{month}_81m_v1.tif,https://rmbl-sdp.s3.us-east-2.amazonaws.com/data_products/released/release4/UG_airtemp_2m_tmax_monthly_81m_v1_metadata.xml,continuous
R4D008,Release4,Climate,Minimum 2m Air Temperature Monthly Timeseries,UG,81m,FALSE,11/1/01,10/30/22,2001,2022,Monthly,Regular,numeric,degrees celcius,10000,0,https://rmbl-sdp.s3.us-east-2.amazonaws.com/data_products/released/release4/UG_airtemp_2m_tmin_monthly_81m_v1/UG_airtemp_tmin_mean_year_{year}_month_{month}_81m_v1.tif,https://rmbl-sdp.s3.us-east-2.amazonaws.com/data_products/released/release4/UG_airtemp_2m_tmin_monthly_81m_v1_metadata.xml,continuous
R4D009,Release4,Climate,Air Temperature Freezing Degree-days Annual Timeseries,UG,81m,FALSE,1/1/02,12/31/22,2002,2022,Yearly,Regular,numeric,degrees celcius,1,0,https://rmbl-sdp.s3.us-east-2.amazonaws.com/data_products/released/release4/UG_airtemp_FDD_all_yearly_81m_v1/UG_airtemp_FDD_all_year_{year}_81m_v1.tif,https://rmbl-sdp.s3.us-east-2.amazonaws.com/data_products/released/release4/UG_airtemp_FDD_all_yearly_81m_v1_metadata.xml,continuous
R4D010,Release4,Climate,Air Temperature Freezing Degree-days Early Season Timeseries,UG,81m,FALSE,1/1/02,12/31/22,2002,2022,Yearly,Regular,numeric,degrees celcius,1,0,https://rmbl-sdp.s3.us-east-2.amazonaws.com/data_products/released/release4/UG_airtemp_FDD_early_yearly_81m_v1/UG_airtemp_FDD_early_year_{year}_81m_v1.tif,https://rmbl-sdp.s3.us-east-2.amazonaws.com/data_products/released/release4/UG_airtemp_FDD_early_yearly_81m_v1_metadata.xml,continuous
R4D011,Release4,Climate,Air Temperature Freezing Degree-days Late Season Timeseries,UG,81m,FALSE,1/1/02,12/31/22,2002,2022,Yearly,Regular,numeric,degrees celcius,1,0,https://rmbl-sdp.s3.us-east-2.amazonaws.com/data_products/released/release4/UG_airtemp_FDD_late_yearly_81m_v1/UG_airtemp_FDD_late_year_{year}_81m_v1.tif,https://rmbl-sdp.s3.us-east-2.amazonaws.com/data_products/released/release4/UG_airtemp_FDD_late_yearly_81m_v1_metadata.xml,continuous
R4D012,Release4,Climate,Air Temperature Growing Degree-days Annual Timeseries,UG,81m,FALSE,1/1/02,12/31/22,2002,2022,Yearly,Regular,numeric,degrees celcius,1,0,https://rmbl-sdp.s3.us-east-2.amazonaws.com/data_products/released/release4/UG_airtemp_GDD_all_yearly_81m_v1/UG_airtemp_GDD_all_year_{year}_81m_v1.tif,https://rmbl-sdp.s3.us-east-2.amazonaws.com/data_products/released/release4/UG_airtemp_GDD_all_yearly_81m_v1_metadata.xml,continuous
R4D013,Release4,Climate,Air Temperature Growing Degree-days Early Season Timeseries,UG,81m,FALSE,1/1/02,12/31/22,2002,2022,Yearly,Regular,numeric,degrees celcius,1,0,https://rmbl-sdp.s3.us-east-2.amazonaws.com/data_products/released/release4/UG_airtemp_GDD_early_yearly_81m_v1/UG_airtemp_GDD_early_year_{year}_81m_v1.tif,https://rmbl-sdp.s3.us-east-2.amazonaws.com/data_products/released/release4/UG_airtemp_GDD_early_yearly_81m_v1_metadata.xml,continuous
R4D014,Release4,Climate,Air Temperature Growing Degree-days Late Season Timeseries,UG,81m,FALSE,1/1/02,12/31/22,2002,2022,Yearly,Regular,numeric,degrees celcius,1,0,https://rmbl-sdp.s3.us-east-2.amazonaws.com/data_products/released/release4/UG_airtemp_GDD_late_yearly_81m_v1/UG_airtemp_GDD_late_year_{year}_81m_v1.tif,https://rmbl-sdp.s3.us-east-2.amazonaws.com/data_products/released/release4/UG_airtemp_GDD_late_yearly_81m_v1_metadata.xml,continuous
R4D015,Release4,Climate,Snow-free Freezing Degree-days Annual Timeseries,UG,27m,FALSE,1/1/02,12/31/22,2002,2022,Yearly,Regular,numeric,degrees celcius,1,0,https://rmbl-sdp.s3.us-east-2.amazonaws.com/data_products/released/release4/UG_airtemp_snowfree_FDD_all_yearly_27m_v1/UG_airtemp_snowfree_FDD_all_year_{year}_27m_v1.tif,https://rmbl-sdp.s3.us-east-2.amazonaws.com/data_products/released/release4/UG_airtemp_snowfree_FDD_all_yearly_27m_v1_metadata.xml,continuous
R4D016,Release4,Climate,Snow-free Freezing Degree-days Early Season Timeseries,UG,27m,FALSE,1/1/02,12/31/22,2002,2022,Yearly,Regular,numeric,degrees celcius,1,0,https://rmbl-sdp.s3.us-east-2.amazonaws.com/data_products/released/release4/UG_airtemp_snowfree_FDD_early_yearly_27m_v1/UG_airtemp_snowfree_FDD_early_year_{year}_27m_v1.tif,https://rmbl-sdp.s3.us-east-2.amazonaws.com/data_products/released/release4/UG_airtemp_snowfree_FDD_early_yearly_27m_v1_metadata.xml,continuous
R4D017,Release4,Climate,Snow-free Freezing Degree-days Late Season Timeseries,UG,27m,FALSE,1/1/02,12/31/22,2002,2022,Yearly,Regular,numeric,degrees celcius,1,0,https://rmbl-sdp.s3.us-east-2.amazonaws.com/data_products/released/release4/UG_airtemp_snowfree_FDD_late_yearly_27m_v1/UG_airtemp_snowfree_FDD_late_year_{year}_27m_v1.tif,https://rmbl-sdp.s3.us-east-2.amazonaws.com/data_products/released/release4/UG_airtemp_snowfree_FDD_late_yearly_27m_v1_metadata.xml,continuous
R4D018,Release4,Climate,Snow-free Freezing Degree-days 0-60 days Post-snow Timeseries,UG,27m,FALSE,1/1/02,12/31/22,2002,2022,Yearly,Regular,numeric,degrees celcius,1,0,https://rmbl-sdp.s3.us-east-2.amazonaws.com/data_products/released/release4/UG_airtemp_snowfree_FDD_snow60_yearly_27m_v1/UG_airtemp_snowfree_FDD_snow60_year_{year}_27m_v1.tif,https://rmbl-sdp.s3.us-east-2.amazonaws.com/data_products/released/release4/UG_airtemp_snowfree_FDD_snow60_yearly_27m_v1_metadata.xml,continuous
R4D019,Release4,Climate,Snow-free Growing Degree-days Annual Timeseries,UG,27m,FALSE,1/1/02,12/31/22,2002,2022,Yearly,Regular,numeric,degrees celcius,1,0,https://rmbl-sdp.s3.us-east-2.amazonaws.com/data_products/released/release4/UG_airtemp_snowfree_GDD_all_yearly_27m_v1/UG_airtemp_snowfree_GDD_all_year_{year}_27m_v1.tif,https://rmbl-sdp.s3.us-east-2.amazonaws.com/data_products/released/release4/UG_airtemp_snowfree_GDD_all_yearly_27m_v1_metadata.xml,continuous
R4D020,Release4,Climate,Snow-free Growing Degree-days Early Season Timeseries,UG,27m,FALSE,1/1/02,12/31/22,2002,2022,Yearly,Regular,numeric,degrees celcius,1,0,https://rmbl-sdp.s3.us-east-2.amazonaws.com/data_products/released/release4/UG_airtemp_snowfree_GDD_early_yearly_27m_v1/UG_airtemp_snowfree_GDD_early_year_{year}_27m_v1.tif,https://rmbl-sdp.s3.us-east-2.amazonaws.com/data_products/released/release4/UG_airtemp_snowfree_GDD_early_yearly_27m_v1_metadata.xml,continuous
R4D021,Release4,Climate,Snow-free Growing Degree-days Late Season Timeseries,UG,27m,FALSE,1/1/02,12/31/22,2002,2022,Yearly,Regular,numeric,degrees celcius,1,0,https://rmbl-sdp.s3.us-east-2.amazonaws.com/data_products/released/release4/UG_airtemp_snowfree_GDD_late_yearly_27m_v1/UG_airtemp_snowfree_GDD_late_year_{year}_27m_v1.tif,https://rmbl-sdp.s3.us-east-2.amazonaws.com/data_products/released/release4/UG_airtemp_snowfree_GDD_late_yearly_27m_v1_metadata.xml,continuous
R4D022,Release4,Climate,Snow-free Growing Degree-day 0-60 Days Post Snow Timeseries,UG,27m,FALSE,1/1/02,12/31/22,2002,2022,Yearly,Regular,numeric,degrees celcius,1,0,https://rmbl-sdp.s3.us-east-2.amazonaws.com/data_products/released/release4/UG_airtemp_snowfree_GDD_snow60_yearly_27m_v1/UG_airtemp_snowfree_GDD_snow60_year_{year}_27m_v1.tif,https://rmbl-sdp.s3.us-east-2.amazonaws.com/data_products/released/release4/UG_airtemp_snowfree_GDD_snow60_yearly_27m_v1_metadata.xml,continuous
R4D023,Release4,Climate,Air Temperature Freezing Degree-days Annual Mean (2002-2021),UG,81m,FALSE,1/1/02,12/31/21,2002,2021,Single,Regular,numeric,degrees celcius,1,0,https://rmbl-sdp.s3.us-east-2.amazonaws.com/data_products/released/release4/UG_airtemp_FDD_annual_mean_2002_2021_81m_v1.tif,https://rmbl-sdp.s3.us-east-2.amazonaws.com/data_products/released/release4/UG_airtemp_FDD_annual_mean_2002_2021_81m_v1_metadata.xml,continuous
R4D024,Release4,Climate,Air Temperature Freezing Degree-days Annual Standard Deviation (2002-2021),UG,81m,FALSE,1/1/02,12/31/21,2002,2021,Single,Regular,numeric,degrees celcius,1,0,https://rmbl-sdp.s3.us-east-2.amazonaws.com/data_products/released/release4/UG_airtemp_FDD_annual_sd_2002_2021_81m_v1.tif,https://rmbl-sdp.s3.us-east-2.amazonaws.com/data_products/released/release4/UG_airtemp_FDD_annual_sd_2002_2021_81m_v1_metadata.xml,continuous
R4D025,Release4,Climate,Air Temperature Freezing Degree-days Early Season Mean (2002-2021),UG,81m,FALSE,1/1/02,12/31/21,2002,2021,Single,Regular,numeric,degrees celcius,1,0,https://rmbl-sdp.s3.us-east-2.amazonaws.com/data_products/released/release4/UG_airtemp_FDD_early_mean_2002_2021_81m_v1.tif,https://rmbl-sdp.s3.us-east-2.amazonaws.com/data_products/released/release4/UG_airtemp_FDD_early_mean_2002_2021_81m_v1_metadata.xml,continuous
R4D026,Release4,Climate,Air Temperature Freezing Degree-days Early Season Standard Deviation (2002-2021),UG,81m,FALSE,1/1/02,12/31/21,2002,2021,Single,Regular,numeric,degrees celcius,1,0,https://rmbl-sdp.s3.us-east-2.amazonaws.com/data_products/released/release4/UG_airtemp_FDD_early_sd_2002_2021_81m_v1.tif,https://rmbl-sdp.s3.us-east-2.amazonaws.com/data_products/released/release4/UG_airtemp_FDD_early_sd_2002_2021_81m_v1_metadata.xml,continuous
R4D027,Release4,Climate,Air Temperature Freezing Degree-days Late Season Mean (2002-2021),UG,81m,FALSE,1/1/02,12/31/21,2002,2021,Single,Regular,numeric,degrees celcius,1,0,https://rmbl-sdp.s3.us-east-2.amazonaws.com/data_products/released/release4/UG_airtemp_FDD_late_mean_2002_2021_81m_v1.tif,https://rmbl-sdp.s3.us-east-2.amazonaws.com/data_products/released/release4/UG_airtemp_FDD_late_mean_2002_2021_81m_v1_metadata.xml,continuous
R4D028,Release4,Climate,Air Temperature Freezing Degree-days Late Season Standard Deviation (2002-2021),UG,81m,FALSE,1/1/02,12/31/21,2002,2021,Single,Regular,numeric,degrees celcius,1,0,https://rmbl-sdp.s3.us-east-2.amazonaws.com/data_products/released/release4/UG_airtemp_FDD_late_sd_2002_2021_81m_v1.tif,https://rmbl-sdp.s3.us-east-2.amazonaws.com/data_products/released/release4/UG_airtemp_FDD_late_sd_2002_2021_81m_v1_metadata.xml,continuous
R4D029,Release4,Climate,Air Temperature Growing Degree-days Annual Mean (2002-2021),UG,81m,FALSE,1/1/02,12/31/21,2002,2021,Single,Regular,numeric,degrees celcius,1,0,https://rmbl-sdp.s3.us-east-2.amazonaws.com/data_products/released/release4/UG_airtemp_GDD_annual_mean_2002_2021_81m_v1.tif,https://rmbl-sdp.s3.us-east-2.amazonaws.com/data_products/released/release4/UG_airtemp_GDD_annual_mean_2002_2021_81m_v1_metadata.xml,continuous
R4D030,Release4,Climate,Air Temperature Growing Degree-days Annual Standard Deivation (2002-2021),UG,81m,FALSE,1/1/02,12/31/21,2002,2021,Single,Regular,numeric,degrees celcius,1,0,https://rmbl-sdp.s3.us-east-2.amazonaws.com/data_products/released/release4/UG_airtemp_GDD_annual_sd_2002_2021_81m_v1.tif,https://rmbl-sdp.s3.us-east-2.amazonaws.com/data_products/released/release4/UG_airtemp_GDD_annual_sd_2002_2021_81m_v1_metadata.xml,continuous
R4D031,Release4,Climate,Air Temperature Growing Degree-days Early Season Mean (2002-2022),UG,81m,FALSE,1/1/02,12/31/21,2002,2021,Single,Regular,numeric,degrees celcius,1,0,https://rmbl-sdp.s3.us-east-2.amazonaws.com/data_products/released/release4/UG_airtemp_GDD_early_mean_2002_2021_81m_v1.tif,https://rmbl-sdp.s3.us-east-2.amazonaws.com/data_products/released/release4/UG_airtemp_GDD_early_mean_2002_2021_81m_v1_metadata.xml,continuous
R4D032,Release4,Climate,Air Temperature Growing Degree-days Early Season Standard Deviation (2002-2022),UG,81m,FALSE,1/1/02,12/31/21,2002,2021,Single,Regular,numeric,degrees celcius,1,0,https://rmbl-sdp.s3.us-east-2.amazonaws.com/data_products/released/release4/UG_airtemp_GDD_early_sd_2002_2021_81m_v1.tif,https://rmbl-sdp.s3.us-east-2.amazonaws.com/data_products/released/release4/UG_airtemp_GDD_early_sd_2002_2021_81m_v1_metadata.xml,continuous
R4D033,Release4,Climate,Air Temperature Growing Degree-days Late Season Mean (2002-2022),UG,81m,FALSE,1/1/02,12/31/21,2002,2021,Single,Regular,numeric,degrees celcius,1,0,https://rmbl-sdp.s3.us-east-2.amazonaws.com/data_products/released/release4/UG_airtemp_GDD_late_mean_2002_2021_81m_v1.tif,https://rmbl-sdp.s3.us-east-2.amazonaws.com/data_products/released/release4/UG_airtemp_GDD_late_mean_2002_2021_81m_v1_metadata.xml,continuous
R4D034,Release4,Climate,Air Temperature Growing Degree-days Late Season Standard Deviation (2002-2022),UG,81m,FALSE,1/1/02,12/31/21,2002,2021,Single,Regular,numeric,degrees celcius,1,0,https://rmbl-sdp.s3.us-east-2.amazonaws.com/data_products/released/release4/UG_airtemp_GDD_late_sd_2002_2021_81m_v1.tif,https://rmbl-sdp.s3.us-east-2.amazonaws.com/data_products/released/release4/UG_airtemp_GDD_late_sd_2002_2021_81m_v1_metadata.xml,continuous
R4D035,Release4,Climate,Snow-free Freezing Degree-days Annual Mean (2002-2021),UG,27m,FALSE,1/1/02,12/31/21,2002,2021,Single,Regular,numeric,degrees celcius,1,0,https://rmbl-sdp.s3.us-east-2.amazonaws.com/data_products/released/release4/UG_airtemp_snowfree_FDD_annual_mean_2002_2021_27m_v1.tif,https://rmbl-sdp.s3.us-east-2.amazonaws.com/data_products/released/release4/UG_airtemp_snowfree_FDD_annual_mean_2002_2021_27m_v1_metadata.xml,continuous
R4D036,Release4,Climate,Snow-free Freezing Degree-days Annual Standard Deviation (2002-2021),UG,27m,FALSE,1/1/02,12/31/21,2002,2021,Single,Regular,numeric,degrees celcius,1,0,https://rmbl-sdp.s3.us-east-2.amazonaws.com/data_products/released/release4/UG_airtemp_snowfree_FDD_annual_sd_2002_2021_27m_v1.tif,https://rmbl-sdp.s3.us-east-2.amazonaws.com/data_products/released/release4/UG_airtemp_snowfree_FDD_annual_sd_2002_2021_27m_v1_metadata.xml,continuous
R4D037,Release4,Climate,Snow-free Freezing Degree-days Early Season Mean (2002-2021),UG,27m,FALSE,1/1/02,12/31/21,2002,2021,Single,Regular,numeric,degrees celcius,1,0,https://rmbl-sdp.s3.us-east-2.amazonaws.com/data_products/released/release4/UG_airtemp_snowfree_FDD_early_mean_2002_2021_27m_v1.tif,https://rmbl-sdp.s3.us-east-2.amazonaws.com/data_products/released/release4/UG_airtemp_snowfree_FDD_early_mean_2002_2021_27m_v1_metadata.xml,continuous
R4D038,Release4,Climate,Snow-free Freezing Degree-days Early Season Standard Deviation (2002-2021),UG,27m,FALSE,1/1/02,12/31/21,2002,2021,Single,Regular,numeric,degrees celcius,1,0,https://rmbl-sdp.s3.us-east-2.amazonaws.com/data_products/released/release4/UG_airtemp_snowfree_FDD_early_sd_2002_2021_27m_v1.tif,https://rmbl-sdp.s3.us-east-2.amazonaws.com/data_products/released/release4/UG_airtemp_snowfree_FDD_early_sd_2002_2021_27m_v1_metadata.xml,continuous
R4D039,Release4,Climate,Snow-free Freezing Degree-days Late Season Mean (2002-2022),UG,27m,FALSE,1/1/02,12/31/21,2002,2021,Single,Regular,numeric,degrees celcius,1,0,https://rmbl-sdp.s3.us-east-2.amazonaws.com/data_products/released/release4/UG_airtemp_snowfree_FDD_late_mean_2002_2021_27m_v1.tif,https://rmbl-sdp.s3.us-east-2.amazonaws.com/data_products/released/release4/UG_airtemp_snowfree_FDD_late_mean_2002_2021_27m_v1_metadata.xml,continuous
R4D040,Release4,Climate,Snow-free Freezing Degree-days Late Season Standard Deviation (2002-2021),UG,27m,FALSE,1/1/02,12/31/21,2002,2021,Single,Regular,numeric,degrees celcius,1,0,https://rmbl-sdp.s3.us-east-2.amazonaws.com/data_products/released/release4/UG_airtemp_snowfree_FDD_late_sd_2002_2021_27m_v1.tif,https://rmbl-sdp.s3.us-east-2.amazonaws.com/data_products/released/release4/UG_airtemp_snowfree_FDD_late_sd_2002_2021_27m_v1_metadata.xml,continuous
R4D041,Release4,Climate,Snow-free Freezing Degree-days 0-60 Days Post Snow Mean (2002-2021),UG,27m,FALSE,1/1/02,12/31/21,2002,2021,Single,Regular,numeric,degrees celcius,1,0,https://rmbl-sdp.s3.us-east-2.amazonaws.com/data_products/released/release4/UG_airtemp_snowfree_FDD_snow60_mean_2002_2021_27m_v1.tif,https://rmbl-sdp.s3.us-east-2.amazonaws.com/data_products/released/release4/UG_airtemp_snowfree_FDD_snow60_mean_2002_2021_27m_v1_metadata.xml,continuous
R4D042,Release4,Climate,Snow-free Freezing Degree-days 0-60 Days Post Snow Standard Deviation (2002-2021),UG,27m,FALSE,1/1/02,12/31/21,2002,2021,Single,Regular,numeric,degrees celcius,1,0,https://rmbl-sdp.s3.us-east-2.amazonaws.com/data_products/released/release4/UG_airtemp_snowfree_FDD_snow60_sd_2002_2021_27m_v1.tif,https://rmbl-sdp.s3.us-east-2.amazonaws.com/data_products/released/release4/UG_airtemp_snowfree_FDD_snow60_sd_2002_2021_27m_v1_metadata.xml,continuous
R4D043,Release4,Climate,Snow-free Growing Degree-days Annual Mean (2002-2021),UG,27m,FALSE,1/1/02,12/31/21,2002,2021,Single,Regular,numeric,degrees celcius,1,0,https://rmbl-sdp.s3.us-east-2.amazonaws.com/data_products/released/release4/UG_airtemp_snowfree_GDD_annual_mean_2002_2021_27m_v1.tif,https://rmbl-sdp.s3.us-east-2.amazonaws.com/data_products/released/release4/UG_airtemp_snowfree_GDD_annual_mean_2002_2021_27m_v1_metadata.xml,continuous
R4D044,Release4,Climate,Snow-free Growing Degree-days Annual Standard Deviation (2002-2021),UG,27m,FALSE,1/1/02,12/31/21,2002,2021,Single,Regular,numeric,degrees celcius,1,0,https://rmbl-sdp.s3.us-east-2.amazonaws.com/data_products/released/release4/UG_airtemp_snowfree_GDD_annual_sd_2002_2021_27m_v1.tif,https://rmbl-sdp.s3.us-east-2.amazonaws.com/data_products/released/release4/UG_airtemp_snowfree_GDD_annual_sd_2002_2021_27m_v1_metadata.xml,continuous
R4D045,Release4,Climate,Snow-free Growing Degree-days Early Season Mean (2002-2021),UG,27m,FALSE,1/1/02,12/31/21,2002,2021,Single,Regular,numeric,degrees celcius,1,0,https://rmbl-sdp.s3.us-east-2.amazonaws.com/data_products/released/release4/UG_airtemp_snowfree_GDD_early_mean_2002_2021_27m_v1.tif,https://rmbl-sdp.s3.us-east-2.amazonaws.com/data_products/released/release4/UG_airtemp_snowfree_GDD_early_mean_2002_2021_27m_v1_metadata.xml,continuous
R4D046,Release4,Climate,Snow-free Growing Degree-days Early Season Standard Deviation (2002-2021),UG,27m,FALSE,1/1/02,12/31/21,2002,2021,Single,Regular,numeric,degrees celcius,1,0,https://rmbl-sdp.s3.us-east-2.amazonaws.com/data_products/released/release4/UG_airtemp_snowfree_GDD_early_sd_2002_2021_27m_v1.tif,https://rmbl-sdp.s3.us-east-2.amazonaws.com/data_products/released/release4/UG_airtemp_snowfree_GDD_early_sd_2002_2021_27m_v1_metadata.xml,continuous
R4D047,Release4,Climate,Snow-free Growing Degree-days Late Season Mean (2002-2021),UG,27m,FALSE,1/1/02,12/31/21,2002,2021,Single,Regular,numeric,degrees celcius,1,0,https://rmbl-sdp.s3.us-east-2.amazonaws.com/data_products/released/release4/UG_airtemp_snowfree_GDD_late_mean_2002_2021_27m_v1.tif,https://rmbl-sdp.s3.us-east-2.amazonaws.com/data_products/released/release4/UG_airtemp_snowfree_GDD_late_mean_2002_2021_27m_v1_metadata.xml,continuous
R4D048,Release4,Climate,Snow-free Growing Degree-days Late Season Standard Deviation (2002-2021),UG,27m,FALSE,1/1/02,12/31/21,2002,2021,Single,Regular,numeric,degrees celcius,1,0,https://rmbl-sdp.s3.us-east-2.amazonaws.com/data_products/released/release4/UG_airtemp_snowfree_GDD_late_sd_2002_2021_27m_v1.tif,https://rmbl-sdp.s3.us-east-2.amazonaws.com/data_products/released/release4/UG_airtemp_snowfree_GDD_late_sd_2002_2021_27m_v1_metadata.xml,continuous
R4D049,Release4,Climate,Snow-free Growing Degree-days 0-60 Days Post Snow Mean (2002-2021),UG,27m,FALSE,1/1/02,12/31/21,2002,2021,Single,Regular,numeric,degrees celcius,1,0,https://rmbl-sdp.s3.us-east-2.amazonaws.com/data_products/released/release4/UG_airtemp_snowfree_GDD_snow60_mean_2002_2021_27m_v1.tif,https://rmbl-sdp.s3.us-east-2.amazonaws.com/data_products/released/release4/UG_airtemp_snowfree_GDD_snow60_mean_2002_2021_27m_v1_metadata.xml,continuous
R4D050,Release4,Climate,Snow-free Growing Degree-days 0-60 Days Post Snow Standard Deviation (2002-2021),UG,27m,FALSE,1/1/02,12/31/21,2002,2021,Single,Regular,numeric,degrees celcius,1,0,https://rmbl-sdp.s3.us-east-2.amazonaws.com/data_products/released/release4/UG_airtemp_snowfree_GDD_snow60_sd_2002_2021_27m_v1.tif,https://rmbl-sdp.s3.us-east-2.amazonaws.com/data_products/released/release4/UG_airtemp_snowfree_GDD_snow60_sd_2002_2021_27m_v1_metadata.xml,continuous
R4D051,Release4,Snow,Snowpack Proportional Reduction in Freezing Degree Days (2002-2021),UG,27m,FALSE,1/1/02,12/31/21,2002,2021,Single,Regular,numeric,proportion,1,0,https://rmbl-sdp.s3.us-east-2.amazonaws.com/data_products/released/release4/UG_snow_FDD_reduction_all_2002_2021_27m_v1.tif,https://rmbl-sdp.s3.us-east-2.amazonaws.com/data_products/released/release4/UG_snow_FDD_reduction_all_2002_2021_27m_v1_metadata.xml,continuous
R4D052,Release4,Snow,Snowpack Proportional Reduction in Early Season Freezing Degree Days (2002-2021),UG,27m,FALSE,1/1/02,12/31/21,2002,2021,Single,Regular,numeric,proportion,1,0,https://rmbl-sdp.s3.us-east-2.amazonaws.com/data_products/released/release4/UG_snow_FDD_reduction_early_2002_2021_27m_v1.tif,https://rmbl-sdp.s3.us-east-2.amazonaws.com/data_products/released/release4/UG_snow_FDD_reduction_early_2002_2021_27m_v1_metadata.xml,continuous
R4D053,Release4,Snow,Snowpack Proportional Reduction in Late Season Freezing Degree Days (2002-2021),UG,27m,FALSE,1/1/02,12/31/21,2002,2021,Single,Regular,numeric,proportion,1,0,https://rmbl-sdp.s3.us-east-2.amazonaws.com/data_products/released/release4/UG_snow_FDD_reduction_late_2002_2021_27m_v1.tif,https://rmbl-sdp.s3.us-east-2.amazonaws.com/data_products/released/release4/UG_snow_FDD_reduction_late_2002_2021_27m_v1_metadata.xml,continuous
R4D054,Release4,Snow,Snowpack Proportional Reduction in Growing Degree Days (2002-2021),UG,27m,FALSE,1/1/02,12/31/21,2002,2021,Single,Regular,numeric,proportion,1,0,https://rmbl-sdp.s3.us-east-2.amazonaws.com/data_products/released/release4/UG_snow_GDD_reduction_all_2002_2021_27m_v1.tif,https://rmbl-sdp.s3.us-east-2.amazonaws.com/data_products/released/release4/UG_snow_GDD_reduction_all_2002_2021_27m_v1_metadata.xml,continuous
R4D055,Release4,Snow,Snowpack Proportional Reduction in Early Season Growing Degree Days (2002-2021),UG,27m,FALSE,1/1/02,12/31/21,2002,2021,Single,Regular,numeric,proportion,1,0,https://rmbl-sdp.s3.us-east-2.amazonaws.com/data_products/released/release4/UG_snow_GDD_reduction_early_2002_2021_27m_v1.tif,https://rmbl-sdp.s3.us-east-2.amazonaws.com/data_products/released/release4/UG_snow_GDD_reduction_early_2002_2021_27m_v1_metadata.xml,continuous
R4D056,Release4,Snow,Snowpack Proportional Reduction in Late Season Growing Degree Days (2002-2021),UG,27m,FALSE,1/1/02,12/31/21,2002,2021,Single,Regular,numeric,proportion,1,0,https://rmbl-sdp.s3.us-east-2.amazonaws.com/data_products/released/release4/UG_snow_GDD_reduction_late_2002_2021_27m_v1.tif,https://rmbl-sdp.s3.us-east-2.amazonaws.com/data_products/released/release4/UG_snow_GDD_reduction_late_2002_2021_27m_v1_metadata.xml,continuous
R4D057,Release4,Snow,Snowpack Duration Mean (Water Year 1993 - 2022),UG,27m,FALSE,10/1/92,9/30/22,2002,2022,Single,Regular,numeric,days,1,0,https://rmbl-sdp.s3.us-east-2.amazonaws.com/data_products/released/release4/UG_snow_length_mean_1993_2022_27m_v1.tif,https://rmbl-sdp.s3.us-east-2.amazonaws.com/data_products/released/release4/UG_snow_length_mean_1993_2022_27m_v1_metadata.xml,continuous
R4D058,Release4,Snow,Snowpack Duration Standard Deviation (Water Year 1993 - 2022),UG,27m,FALSE,10/1/92,9/30/22,2002,2022,Single,Regular,numeric,days,1,0,https://rmbl-sdp.s3.us-east-2.amazonaws.com/data_products/released/release4/UG_snow_length_sd_1993_2022_27m_v1.tif,https://rmbl-sdp.s3.us-east-2.amazonaws.com/data_products/released/release4/UG_snow_length_sd_1993_2022_27m_v1_metadata.xml,continuous
R4D059,Release4,Snow,Snowpack Onset Day of Year Mean (1993 - 2022),UG,27m,FALSE,10/1/92,9/30/22,2002,2022,Single,Regular,numeric,day of year,1,0,https://rmbl-sdp.s3.us-east-2.amazonaws.com/data_products/released/release4/UG_snow_onset_mean_1993_2022_27m_v1.tif,https://rmbl-sdp.s3.us-east-2.amazonaws.com/data_products/released/release4/UG_snow_onset_mean_1993_2022_27m_v1_metadata.xml,continuous
R4D060,Release4,Snow,Snowpack Onset Day of Year Standard Deviation (1993-2022),UG,27m,FALSE,10/1/92,9/30/22,2002,2022,Single,Regular,numeric,day of year,1,0,https://rmbl-sdp.s3.us-east-2.amazonaws.com/data_products/released/release4/UG_snow_onset_sd_1993_2022_27m_v1.tif,https://rmbl-sdp.s3.us-east-2.amazonaws.com/data_products/released/release4/UG_snow_onset_sd_1993_2022_27m_v1_metadata.xml,continuous
R4D061,Release4,Snow,Snowpack Persistence Day of Year Mean (1993 - 2022),UG,27m,FALSE,10/1/92,9/30/22,2002,2022,Single,Regular,numeric,day of year,1,0,https://rmbl-sdp.s3.us-east-2.amazonaws.com/data_products/released/release4/UG_snow_persistence_mean_1993_2022_27m_v1.tif,https://rmbl-sdp.s3.us-east-2.amazonaws.com/data_products/released/release4/UG_snow_persistence_mean_1993_2022_27m_v1_metadata.xml,continuous
R4D062,Release4,Snow,Snowpack Persistence Day of Year Standard Deviation (1993-2022),UG,27m,FALSE,10/1/92,9/30/22,2002,2022,Single,Regular,numeric,day of year,1,0,https://rmbl-sdp.s3.us-east-2.amazonaws.com/data_products/released/release4/UG_snow_persistence_sd_1993_2022_27m_v1.tif,https://rmbl-sdp.s3.us-east-2.amazonaws.com/data_products/released/release4/UG_snow_persistence_sd_1993_2022_27m_v1_metadata.xml,continuous
R4D063,Release4,Snow,Snowpack Persistence Uncertainty Yearly Timeseries,UG,27m,FALSE,1/1/93,9/30/22,1993,2022,Yearly,Regular,numeric,day of year,1,0,https://rmbl-sdp.s3.us-east-2.amazonaws.com/data_products/released/release4/UG_snow_persistence_predsd_yearly_27m_v1/UG_snow_persistence_predsd_year_{year}_27m_v1.tif,https://rmbl-sdp.s3.us-east-2.amazonaws.com/data_products/released/release4/UG_snow_persistence_predsd_yearly_27m_v1_metadata.xml,continuous
R4D064,Release4,Snow,Snowpack Onset Uncertainty Yearly Timeseries,UG,27m,FALSE,10/1/92,9/30/22,1993,2022,Yearly,Regular,numeric,day of year,1,0,https://rmbl-sdp.s3.us-east-2.amazonaws.com/data_products/released/release4/UG_snow_onset_predsd_yearly_27m_v1/UG_snow_onset_predsd_year_{year}_27m_v1.tif,https://rmbl-sdp.s3.us-east-2.amazonaws.com/data_products/released/release4/UG_snow_onset_predsd_yearly_27m_v1_metadata.xml,continuous
R4D065,Release4,Climate,Maximum 2m Air Temperature Uncertainty Daily Timeseries,UG,81m,FALSE,11/1/01,10/30/22,2001,2022,Daily,Regular,numeric,degrees celcius,10000,0,https://rmbl-sdp.s3.us-east-2.amazonaws.com/data_products/released/release4/UG_airtemp_2m_tmax_daily_81m_v1/bayes_tmax_year_{year}_day_0{day}_se.tif,https://rmbl-sdp.s3.us-east-2.amazonaws.com/data_products/released/release4/UG_airtemp_2m_tmax_se_daily_81m_v1_metadata.xml,continuous
R4D066,Release4,Climate,Minimum 2m Air Temperature Uncertainty Daily Timeseries,UG,81m,FALSE,11/1/01,10/30/22,2001,2022,Daily,Regular,numeric,degrees celcius,10000,0,https://rmbl-sdp.s3.us-east-2.amazonaws.com/data_products/released/release4/UG_airtemp_2m_tmin_daily_81m_v1/bayes_tmin_year_{year}_day_0{day}_se.tif,https://rmbl-sdp.s3.us-east-2.amazonaws.com/data_products/released/release4/UG_airtemp_2m_tmin_se_daily_81m_v1_metadata.xml,continuous
R5D001,Release5,Vegetation,"9 m Resolution Horizontal Canopy Cover for the Gunnison, Grand Mesa, and Uncompaghre National Forests based on 2015 - 2021 LiDAR data",GMUG,9m,FALSE,1/1/15,12/31/21,2016,2023,Single,Regular,float32,proportion,1,0,https://rmbl-sdp.s3.us-east-2.amazonaws.com/data_products/released/release5/GMUG_canopy_ccov_9m_v1.tif,https://rmbl-sdp.s3.us-east-2.amazonaws.com/data_products/released/release5/GMUG_canopy_ccov_9m_v1_metadata.xml,continuous
R5D002,Release5,Vegetation,"9 m Resolution Canopy Height Coefficient of Variation for the Gunnison, Grand Mesa, and Uncompaghre National Forests based on 2015 - 2021 LiDAR data",GMUG,9m,FALSE,1/1/15,12/31/21,2016,2023,Single,Regular,float32,meters above ground surface,1,0,https://rmbl-sdp.s3.us-east-2.amazonaws.com/data_products/released/release5/GMUG_canopy_coefvar_9m_v1.tif,https://rmbl-sdp.s3.us-east-2.amazonaws.com/data_products/released/release5/GMUG_canopy_coefvar_9m_v1_metadata.xml,continuous
R5D003,Release5,Vegetation,"9 m Resolution Horizontal Understory Cover for the Gunnison, Grand Mesa, and Uncompaghre National Forests based on 2015 - 2021 LiDAR data",GMUG,9m,FALSE,1/1/15,12/31/21,2016,2023,Single,Regular,float32,proportion,1,0,https://rmbl-sdp.s3.us-east-2.amazonaws.com/data_products/released/release5/GMUG_canopy_ucov_9m_v1.tif,https://rmbl-sdp.s3.us-east-2.amazonaws.com/data_products/released/release5/GMUG_canopy_ucov_9m_v1_metadata.xml,continuous
R5D004,Release5,Vegetation,"9 m Resolution 80th Percentile Canopy Height for the Gunnison, Grand Mesa, and Uncompaghre National Forests based on 2015 - 2021 LiDAR data",GMUG,9m,FALSE,1/1/15,12/31/21,2016,2023,Single,Regular,float32,meters above ground surface,1,0,https://rmbl-sdp.s3.us-east-2.amazonaws.com/data_products/released/release5/GMUG_canopy_z80_9m_v1.tif,https://rmbl-sdp.s3.us-east-2.amazonaws.com/data_products/released/release5/GMUG_canopy_z80_9m_v1_metadata.xml,continuous
R5D005,Release5,Vegetation,"9 m Resolution Mean Canopy Height for the Gunnison, Grand Mesa, and Uncompaghre National Forests based on 2015 - 2021 LiDAR data",GMUG,9m,FALSE,1/1/15,12/31/21,2016,2023,Single,Regular,float32,Meters above ground surface,1,0,https://rmbl-sdp.s3.us-east-2.amazonaws.com/data_products/released/release5/GMUG_canopy_zmean_9m_v1.tif,https://rmbl-sdp.s3.us-east-2.amazonaws.com/data_products/released/release5/GMUG_canopy_zmean_9m_v1_metadata.xml,continuous
R5D006,Release5,Topo,"3 m Resolution Topographic Aspect for the Gunnison, Grand Mesa, and Uncompaghre National Forests based on 2015 - 2021 LiDAR data",GMUG,3m,FALSE,1/1/15,12/31/21,2016,2023,Single,Regular,float32,degrees clockwise from north,1,0,https://rmbl-sdp.s3.us-east-2.amazonaws.com/data_products/released/release5/GMUG_topo_aspect_3m_v2.tif,https://rmbl-sdp.s3.us-east-2.amazonaws.com/data_products/released/release5/GMUG_topo_aspect_3m_v2_metadata.xml,continuous
R5D007,Release5,Topo,"9 m Resolution Topographic Aspect for the Gunnison, Grand Mesa, and Uncompaghre National Forests based on 2015 - 2021 LiDAR data",GMUG,9m,FALSE,1/1/15,12/31/21,2016,2023,Single,Regular,float32,degrees clockwise from north,1,0,https://rmbl-sdp.s3.us-east-2.amazonaws.com/data_products/released/release5/GMUG_topo_aspect_9m_v2.tif,https://rmbl-sdp.s3.us-east-2.amazonaws.com/data_products/released/release5/GMUG_topo_aspect_9m_v2_metadata.xml,continuous
R5D008,Release5,Topo,"3 m Resolution Bare Earth Digital Elevation Model (DEM) for the Gunnison, Grand Mesa, and Uncompaghre National Forests based on 2015 - 2021 LiDAR data",GMUG,3m,FALSE,1/1/15,12/31/21,2016,2023,Single,Regular,float32,meters above the EGM96 Geoid.,1,0,https://rmbl-sdp.s3.us-east-2.amazonaws.com/data_products/released/release5/GMUG_topo_dem_3m_v2.tif,https://rmbl-sdp.s3.us-east-2.amazonaws.com/data_products/released/release5/GMUG_topo_dem_3m_v2_metadata.xml,continuous
R5D009,Release5,Topo,"9 m Resolution Bare Earth Digital Elevation Model (DEM) for the Gunnison, Grand Mesa, and Uncompaghre National Forests based on 2015 - 2021 LiDAR data",GMUG,9m,FALSE,1/1/15,12/31/21,2016,2023,Single,Regular,float32,meters above the EGM96 Geoid.,1,0,https://rmbl-sdp.s3.us-east-2.amazonaws.com/data_products/released/release5/GMUG_topo_dem_9m_v2.tif,https://rmbl-sdp.s3.us-east-2.amazonaws.com/data_products/released/release5/GMUG_topo_dem_9m_v2_metadata.xml,continuous
R5D010,Release5,Topo,"9 m Resolution Log-transformed Flow Accumulation for the Gunnison, Grand Mesa, and Uncompaghre National Forests based on 2015 - 2021 LiDAR data",GMUG,9m,FALSE,1/1/15,12/31/21,2016,2023,Single,Regular,float32,ln(m^2),1,0,https://rmbl-sdp.s3.us-east-2.amazonaws.com/data_products/released/release5/GMUG_topo_flowacc_9m_v2.tif,https://rmbl-sdp.s3.us-east-2.amazonaws.com/data_products/released/release5/GMUG_topo_flowacc_9m_v2_metadata.xml,continuous
R5D011,Release5,Topo,"3 m Resolution Hillshade Visualization of a Bare Earth Digital Elevation Model (DEM) for the Gunnison, Grand Mesa, and Uncompaghre National Forests based on 2015 - 2021 LiDAR data",GMUG,3m,FALSE,1/1/15,12/31/21,2016,2023,Single,Regular,uint8,none,1,0,https://rmbl-sdp.s3.us-east-2.amazonaws.com/data_products/released/release5/GMUG_topo_hillshade_3m_v2.tif,https://rmbl-sdp.s3.us-east-2.amazonaws.com/data_products/released/release5/GMUG_topo_hillshade_3m_v2_metadata.xml,continuous
R5D012,Release5,Topo,"9 m Resolution Hillshade Visualization of a Bare Earth Digital Elevation Model (DEM) for the Gunnison, Grand Mesa, and Uncompaghre National Forests based on 2015 - 2021 LiDAR data",GMUG,9m,FALSE,1/1/15,12/31/21,2016,2023,Single,Regular,uint8,none,1,0,https://rmbl-sdp.s3.us-east-2.amazonaws.com/data_products/released/release5/GMUG_topo_hillshade_9m_v2.tif,https://rmbl-sdp.s3.us-east-2.amazonaws.com/data_products/released/release5/GMUG_topo_hillshade_9m_v2_metadata.xml,continuous
R5D013,Release5,Topo,"3 m Resolution Terrain Slope for the Gunnison, Grand Mesa, and Uncompaghre National Forests based on 2015 - 2021 LiDAR data",GMUG,3m,FALSE,1/1/15,12/31/21,2016,2023,Single,Regular,float32,degrees,1,0,https://rmbl-sdp.s3.us-east-2.amazonaws.com/data_products/released/release5/GMUG_topo_slope_3m_v2.tif,https://rmbl-sdp.s3.us-east-2.amazonaws.com/data_products/released/release5/GMUG_topo_slope_3m_v2_metadata.xml,continuous
R5D014,Release5,Topo,"9 m Resolution Terrain Slope for the Gunnison, Grand Mesa, and Uncompaghre National Forests based on 2015 - 2021 LiDAR data",GMUG,9m,FALSE,1/1/15,12/31/21,2016,2023,Single,Regular,float32,degrees,1,0,https://rmbl-sdp.s3.us-east-2.amazonaws.com/data_products/released/release5/GMUG_topo_slope_9m_v2.tif,https://rmbl-sdp.s3.us-east-2.amazonaws.com/data_products/released/release5/GMUG_topo_slope_9m_v2_metadata.xml,continuous
R5D015,Release5,Radiation,9 m Resolution Daily Integrated Clear-sky Potential Solar Radiation for the Summer Solstice Derived from the GMUG Bare-earth DEM,GMUG,9m,FALSE,1/1/15,12/31/21,2016,2023,Single,Regular,float32,watt-hours  per meter squared,1,0,https://rmbl-sdp.s3.us-east-2.amazonaws.com/data_products/released/release5/GMUG_topo_srad172_9m_v1.tif,https://rmbl-sdp.s3.us-east-2.amazonaws.com/data_products/released/release5/GMUG_topo_srad172_9m_v1_metadata.xml,continuous
R5D016,Release5,Radiation,9 m Resolution Daily Integrated Clear-sky Potential Solar Radiation for the Winter Solstice Derived from the GMUG Bare-earth DEM,GMUG,9m,FALSE,1/1/15,12/31/21,2016,2023,Single,Regular,float32,watt-hours  per meter squared,1,0,https://rmbl-sdp.s3.us-east-2.amazonaws.com/data_products/released/release5/GMUG_topo_srad355_9m_v1.tif,https://rmbl-sdp.s3.us-east-2.amazonaws.com/data_products/released/release5/GMUG_topo_srad355_9m_v1_metadata.xml,continuous
R6D001,Release6,Imagery,Weekly Mutispectral Orthomosaics of the Gothic Townsite (GT) Area Derived from Uncrewed Aircraft System (Drone) Imagery,GT,5cm,FALSE,3/1/22,11/13/25,2022,2025,Weekly,Irregular,uint16,proportion,10000,0,https://rmbl-sdp.s3.us-east-2.amazonaws.com/imagery/rmbl_dronedata/GT_multispectral_weekly_05cm_v1/{year}/Altum_refl_GothicTownsite_{year}_{month}_{calendarday}.tif,https://rmbl-sdp.s3.us-east-2.amazonaws.com/imagery/rmbl_dronedata/GT_multispectral_weekly_05cm_v1_metadata.xml,rgb
R6D002,Release6,Imagery,Weekly RGB Orthomosaics of the Gothic Townsite (GT) Area Derived from Uncrewed Aircraft System (Drone) Imagery,GT,1cm,FALSE,3/1/22,11/13/25,2022,2025,Weekly,Irregular,uint8,brightness,1,0,https://rmbl-sdp.s3.us-east-2.amazonaws.com/imagery/rmbl_dronedata/GT_rgb_weekly_01cm_v1/{year}/P1_rgb_GothicTownsite_{year}_{month}_{calendarday}.tif,https://rmbl-sdp.s3.us-east-2.amazonaws.com/imagery/rmbl_dronedata/GT_rgb_weekly_01cm_v1_metadata.xml,rgb
R6D003,Release6,Mask,5 cm Resolution Data Mask for the Gothic Townsite Domain,GT,5cm,FALSE,1/1/21,1/1/26,2021,2026,Single,Regular,uint8,none,1,0,https://rmbl-sdp.s3.us-east-2.amazonaws.com/data_products/released/release6/GT_mask_05cm_v3.tif,https://rmbl-sdp.s3.us-east-2.amazonaws.com/data_products/released/release6/GT_mask_05cm_v3_metadata.xml,categorical
R6D004,Release6,Topo,5 cm Resolution Digital Elevation Model of the Gothic Townsite Derived from UAS Imagery,GT,5cm,FALSE,5/1/21,11/1/21,2021,2021,Single,Regular,float32,meters above the EGM96 Geoid.,1,0,https://rmbl-sdp.s3.us-east-2.amazonaws.com/data_products/released/release6/GT_DEM_05cm_v4.tif,https://rmbl-sdp.s3.us-east-2.amazonaws.com/data_products/released/release6/GT_DEM_05cm_v4_metadata.xml,continuous
R6D005,Release6,Supplemental,5 cm Resolution UTM X Coordinate for the Gothic Townsite,GT,5cm,FALSE,5/1/21,4/1/26,2021,2026,Single,Regular,float32,meters,1,0,https://rmbl-sdp.s3.us-east-2.amazonaws.com/data_products/released/release6/GT_UTMX_05cm_v3.tif,https://rmbl-sdp.s3.us-east-2.amazonaws.com/data_products/released/release6/GT_UTMX_05cm_v3.tif,continuous
R6D006,Release6,Supplemental,5 cm Resolution UTM Y Coordinate for the Gothic Townsite,GT,5cm,FALSE,5/1/21,4/1/26,2021,2026,Single,Regular,float33,meters,1,0,https://rmbl-sdp.s3.us-east-2.amazonaws.com/data_products/released/release6/GT_UTMY_05cm_v3.tif,https://rmbl-sdp.s3.us-east-2.amazonaws.com/data_products/released/release6/GT_UTMY_05cm_v3_metadata.xml,continuous